{"CategoryConnection":["RootQueryToCategoryConnection","CategoryToAncestorsCategoryConnection","CategoryToCategoryConnection","PostToCategoryConnection"],"Connection":["RootQueryToCategoryConnection","TermNodeToEnqueuedScriptConnection","TermNodeToEnqueuedStylesheetConnection","CategoryToAncestorsCategoryConnection","CategoryToCategoryConnection","CategoryToContentNodeConnection","ContentTypeToTaxonomyConnection","TaxonomyToContentTypeConnection","TaxonomyToTermNodeConnection","ContentTypeToContentNodeConnection","UserToCommentConnection","CommentToCommentConnection","UserToEnqueuedScriptConnection","UserToEnqueuedStylesheetConnection","UserToMediaItemConnection","HierarchicalContentNodeToContentNodeAncestorsConnection","HierarchicalContentNodeToContentNodeChildrenConnection","ContentNodeToEnqueuedScriptConnection","ContentNodeToEnqueuedStylesheetConnection","MediaItemToCommentConnection","UserToPageConnection","PageToCommentConnection","PageToRevisionConnection","UserToPostConnection","PostToPostConnection","PostToCategoryConnection","PostToCommentConnection","PostToPostFormatConnection","PostFormatToContentNodeConnection","PostFormatToPostConnection","PostToRevisionConnection","PostToTagConnection","TagToContentNodeConnection","TagToPostConnection","PostToTermNodeConnection","UserToRevisionsConnection","UserToUserRoleConnection","CategoryToPostConnection","RootQueryToCommentConnection","RootQueryToContentNodeConnection","RootQueryToContentTypeConnection","RootQueryToMediaItemConnection","MenuToMenuItemConnection","MenuItemToMenuItemConnection","RootQueryToMenuItemConnection","RootQueryToMenuConnection","RootQueryToPageConnection","RootQueryToPluginConnection","RootQueryToPostFormatConnection","RootQueryToPostConnection","RootQueryToEnqueuedScriptConnection","RootQueryToEnqueuedStylesheetConnection","RootQueryToRevisionsConnection","RootQueryToTagConnection","RootQueryToTaxonomyConnection","RootQueryToTermNodeConnection","RootQueryToThemeConnection","RootQueryToUserRoleConnection","RootQueryToUserConnection","CorePostTermsToTermNodeConnection"],"Edge":["TermNodeToEnqueuedScriptConnectionEdge","TermNodeToEnqueuedStylesheetConnectionEdge","CategoryToAncestorsCategoryConnectionEdge","CategoryToCategoryConnectionEdge","ContentNodeToContentTypeConnectionEdge","TaxonomyToContentTypeConnectionEdge","TaxonomyToTermNodeConnectionEdge","ContentTypeToTaxonomyConnectionEdge","ContentTypeToContentNodeConnectionEdge","ContentNodeToEditLockConnectionEdge","CommentToCommenterConnectionEdge","CommentToContentNodeConnectionEdge","CommentToParentCommentConnectionEdge","CommentToCommentConnectionEdge","UserToCommentConnectionEdge","UserToEnqueuedScriptConnectionEdge","UserToEnqueuedStylesheetConnectionEdge","NodeWithAuthorToUserConnectionEdge","HierarchicalContentNodeToContentNodeAncestorsConnectionEdge","HierarchicalContentNodeToContentNodeChildrenConnectionEdge","ContentNodeToEnqueuedScriptConnectionEdge","ContentNodeToEnqueuedStylesheetConnectionEdge","ContentNodeToEditLastConnectionEdge","HierarchicalContentNodeToParentContentNodeConnectionEdge","MediaItemToCommentConnectionEdge","UserToMediaItemConnectionEdge","NodeWithFeaturedImageToMediaItemConnectionEdge","NodeWithRevisionsToContentNodeConnectionEdge","PageToCommentConnectionEdge","PageToPreviewConnectionEdge","PageToRevisionConnectionEdge","UserToPageConnectionEdge","PostToPostConnectionEdge","PostToCategoryConnectionEdge","PostToCommentConnectionEdge","PostToParentConnectionEdge","PostFormatToContentNodeConnectionEdge","PostFormatToPostConnectionEdge","PostFormatToTaxonomyConnectionEdge","PostToPostFormatConnectionEdge","PostToPreviewConnectionEdge","PostToRevisionConnectionEdge","TagToContentNodeConnectionEdge","TagToPostConnectionEdge","TagToTaxonomyConnectionEdge","PostToTagConnectionEdge","PostToTermNodeConnectionEdge","UserToPostConnectionEdge","UserToRevisionsConnectionEdge","UserToUserRoleConnectionEdge","CategoryToContentNodeConnectionEdge","CategoryToParentCategoryConnectionEdge","CategoryToPostConnectionEdge","CategoryToTaxonomyConnectionEdge","RootQueryToCategoryConnectionEdge","RootQueryToCommentConnectionEdge","RootQueryToContentNodeConnectionEdge","RootQueryToContentTypeConnectionEdge","RootQueryToMediaItemConnectionEdge","MenuItemToMenuItemConnectionEdge","MenuItemToMenuItemLinkableConnectionEdge","MenuItemToMenuConnectionEdge","MenuToMenuItemConnectionEdge","RootQueryToMenuItemConnectionEdge","RootQueryToMenuConnectionEdge","RootQueryToPageConnectionEdge","RootQueryToPluginConnectionEdge","RootQueryToPostFormatConnectionEdge","RootQueryToPostConnectionEdge","RootQueryToEnqueuedScriptConnectionEdge","RootQueryToEnqueuedStylesheetConnectionEdge","RootQueryToRevisionsConnectionEdge","RootQueryToTagConnectionEdge","RootQueryToTaxonomyConnectionEdge","RootQueryToTermNodeConnectionEdge","RootQueryToThemeConnectionEdge","RootQueryToUserRoleConnectionEdge","RootQueryToUserConnectionEdge","CorePostTermsToTaxonomyConnectionEdge","CorePostTermsToTermNodeConnectionEdge"],"Node":["Category","EnqueuedScript","EnqueuedStylesheet","ContentType","Taxonomy","User","Comment","MediaItem","Page","Post","PostFormat","Tag","UserRole","Menu","MenuItem","Plugin","Theme","CommentAuthor"],"PageInfo":["TermNodeToEnqueuedScriptConnectionPageInfo","TermNodeToEnqueuedStylesheetConnectionPageInfo","CategoryToAncestorsCategoryConnectionPageInfo","CategoryToCategoryConnectionPageInfo","TaxonomyToContentTypeConnectionPageInfo","TaxonomyToTermNodeConnectionPageInfo","ContentTypeToTaxonomyConnectionPageInfo","ContentTypeToContentNodeConnectionPageInfo","CommentToCommentConnectionPageInfo","UserToCommentConnectionPageInfo","UserToEnqueuedScriptConnectionPageInfo","UserToEnqueuedStylesheetConnectionPageInfo","HierarchicalContentNodeToContentNodeAncestorsConnectionPageInfo","HierarchicalContentNodeToContentNodeChildrenConnectionPageInfo","ContentNodeToEnqueuedScriptConnectionPageInfo","ContentNodeToEnqueuedStylesheetConnectionPageInfo","MediaItemToCommentConnectionPageInfo","UserToMediaItemConnectionPageInfo","PageToCommentConnectionPageInfo","PageToRevisionConnectionPageInfo","UserToPageConnectionPageInfo","PostToPostConnectionPageInfo","PostToCategoryConnectionPageInfo","PostToCommentConnectionPageInfo","PostFormatToContentNodeConnectionPageInfo","PostFormatToPostConnectionPageInfo","PostToPostFormatConnectionPageInfo","PostToRevisionConnectionPageInfo","TagToContentNodeConnectionPageInfo","TagToPostConnectionPageInfo","PostToTagConnectionPageInfo","PostToTermNodeConnectionPageInfo","UserToPostConnectionPageInfo","UserToRevisionsConnectionPageInfo","UserToUserRoleConnectionPageInfo","CategoryToContentNodeConnectionPageInfo","CategoryToPostConnectionPageInfo","RootQueryToCategoryConnectionPageInfo","RootQueryToCommentConnectionPageInfo","RootQueryToContentNodeConnectionPageInfo","RootQueryToContentTypeConnectionPageInfo","RootQueryToMediaItemConnectionPageInfo","MenuItemToMenuItemConnectionPageInfo","MenuToMenuItemConnectionPageInfo","RootQueryToMenuItemConnectionPageInfo","RootQueryToMenuConnectionPageInfo","RootQueryToPageConnectionPageInfo","RootQueryToPluginConnectionPageInfo","RootQueryToPostFormatConnectionPageInfo","RootQueryToPostConnectionPageInfo","RootQueryToEnqueuedScriptConnectionPageInfo","RootQueryToEnqueuedStylesheetConnectionPageInfo","RootQueryToRevisionsConnectionPageInfo","RootQueryToTagConnectionPageInfo","RootQueryToTaxonomyConnectionPageInfo","RootQueryToTermNodeConnectionPageInfo","RootQueryToThemeConnectionPageInfo","RootQueryToUserRoleConnectionPageInfo","RootQueryToUserConnectionPageInfo","CorePostTermsToTermNodeConnectionPageInfo"],"CategoryConnectionEdge":["CategoryToAncestorsCategoryConnectionEdge","CategoryToCategoryConnectionEdge","PostToCategoryConnectionEdge","CategoryToParentCategoryConnectionEdge","RootQueryToCategoryConnectionEdge"],"TermNode":["Category","PostFormat","Tag"],"UniformResourceIdentifiable":["Category","ContentType","User","Comment","MediaItem","Page","Post","PostFormat","Tag"],"EnqueuedScriptConnection":["TermNodeToEnqueuedScriptConnection","UserToEnqueuedScriptConnection","ContentNodeToEnqueuedScriptConnection","RootQueryToEnqueuedScriptConnection"],"EnqueuedScriptConnectionEdge":["TermNodeToEnqueuedScriptConnectionEdge","UserToEnqueuedScriptConnectionEdge","ContentNodeToEnqueuedScriptConnectionEdge","RootQueryToEnqueuedScriptConnectionEdge"],"EnqueuedAsset":["EnqueuedScript","EnqueuedStylesheet"],"EnqueuedScriptConnectionPageInfo":["TermNodeToEnqueuedScriptConnectionPageInfo","UserToEnqueuedScriptConnectionPageInfo","ContentNodeToEnqueuedScriptConnectionPageInfo","RootQueryToEnqueuedScriptConnectionPageInfo"],"WPPageInfo":["TermNodeToEnqueuedScriptConnectionPageInfo","TermNodeToEnqueuedStylesheetConnectionPageInfo","CategoryToAncestorsCategoryConnectionPageInfo","CategoryToCategoryConnectionPageInfo","TaxonomyToContentTypeConnectionPageInfo","TaxonomyToTermNodeConnectionPageInfo","ContentTypeToTaxonomyConnectionPageInfo","ContentTypeToContentNodeConnectionPageInfo","CommentToCommentConnectionPageInfo","UserToCommentConnectionPageInfo","UserToEnqueuedScriptConnectionPageInfo","UserToEnqueuedStylesheetConnectionPageInfo","HierarchicalContentNodeToContentNodeAncestorsConnectionPageInfo","HierarchicalContentNodeToContentNodeChildrenConnectionPageInfo","ContentNodeToEnqueuedScriptConnectionPageInfo","ContentNodeToEnqueuedStylesheetConnectionPageInfo","MediaItemToCommentConnectionPageInfo","UserToMediaItemConnectionPageInfo","PageToCommentConnectionPageInfo","PageToRevisionConnectionPageInfo","UserToPageConnectionPageInfo","PostToPostConnectionPageInfo","PostToCategoryConnectionPageInfo","PostToCommentConnectionPageInfo","PostFormatToContentNodeConnectionPageInfo","PostFormatToPostConnectionPageInfo","PostToPostFormatConnectionPageInfo","PostToRevisionConnectionPageInfo","TagToContentNodeConnectionPageInfo","TagToPostConnectionPageInfo","PostToTagConnectionPageInfo","PostToTermNodeConnectionPageInfo","UserToPostConnectionPageInfo","UserToRevisionsConnectionPageInfo","UserToUserRoleConnectionPageInfo","CategoryToContentNodeConnectionPageInfo","CategoryToPostConnectionPageInfo","RootQueryToCategoryConnectionPageInfo","RootQueryToCommentConnectionPageInfo","RootQueryToContentNodeConnectionPageInfo","RootQueryToContentTypeConnectionPageInfo","RootQueryToMediaItemConnectionPageInfo","MenuItemToMenuItemConnectionPageInfo","MenuToMenuItemConnectionPageInfo","RootQueryToMenuItemConnectionPageInfo","RootQueryToMenuConnectionPageInfo","RootQueryToPageConnectionPageInfo","RootQueryToPluginConnectionPageInfo","RootQueryToPostFormatConnectionPageInfo","RootQueryToPostConnectionPageInfo","RootQueryToEnqueuedScriptConnectionPageInfo","RootQueryToEnqueuedStylesheetConnectionPageInfo","RootQueryToRevisionsConnectionPageInfo","RootQueryToTagConnectionPageInfo","RootQueryToTaxonomyConnectionPageInfo","RootQueryToTermNodeConnectionPageInfo","RootQueryToThemeConnectionPageInfo","RootQueryToUserRoleConnectionPageInfo","RootQueryToUserConnectionPageInfo","CorePostTermsToTermNodeConnectionPageInfo"],"EnqueuedStylesheetConnection":["TermNodeToEnqueuedStylesheetConnection","UserToEnqueuedStylesheetConnection","ContentNodeToEnqueuedStylesheetConnection","RootQueryToEnqueuedStylesheetConnection"],"EnqueuedStylesheetConnectionEdge":["TermNodeToEnqueuedStylesheetConnectionEdge","UserToEnqueuedStylesheetConnectionEdge","ContentNodeToEnqueuedStylesheetConnectionEdge","RootQueryToEnqueuedStylesheetConnectionEdge"],"EnqueuedStylesheetConnectionPageInfo":["TermNodeToEnqueuedStylesheetConnectionPageInfo","UserToEnqueuedStylesheetConnectionPageInfo","ContentNodeToEnqueuedStylesheetConnectionPageInfo","RootQueryToEnqueuedStylesheetConnectionPageInfo"],"DatabaseIdentifier":["Category","User","Comment","MediaItem","Page","Post","PostFormat","Tag","Menu","MenuItem","CommentAuthor"],"HierarchicalTermNode":["Category"],"HierarchicalNode":["Category","MediaItem","Page"],"MenuItemLinkable":["Category","Page","Post","Tag"],"CategoryConnectionPageInfo":["CategoryToAncestorsCategoryConnectionPageInfo","CategoryToCategoryConnectionPageInfo","PostToCategoryConnectionPageInfo","RootQueryToCategoryConnectionPageInfo"],"ContentNodeConnection":["CategoryToContentNodeConnection","ContentTypeToContentNodeConnection","HierarchicalContentNodeToContentNodeAncestorsConnection","HierarchicalContentNodeToContentNodeChildrenConnection","PostFormatToContentNodeConnection","TagToContentNodeConnection","UserToRevisionsConnection","RootQueryToContentNodeConnection","RootQueryToRevisionsConnection"],"ContentNodeConnectionEdge":["ContentTypeToContentNodeConnectionEdge","CommentToContentNodeConnectionEdge","HierarchicalContentNodeToContentNodeAncestorsConnectionEdge","HierarchicalContentNodeToContentNodeChildrenConnectionEdge","HierarchicalContentNodeToParentContentNodeConnectionEdge","NodeWithRevisionsToContentNodeConnectionEdge","PostFormatToContentNodeConnectionEdge","TagToContentNodeConnectionEdge","UserToRevisionsConnectionEdge","CategoryToContentNodeConnectionEdge","RootQueryToContentNodeConnectionEdge","RootQueryToRevisionsConnectionEdge"],"ContentNode":["MediaItem","Page","Post"],"OneToOneConnection":["ContentNodeToContentTypeConnectionEdge","ContentNodeToEditLockConnectionEdge","CommentToCommenterConnectionEdge","CommentToContentNodeConnectionEdge","CommentToParentCommentConnectionEdge","NodeWithAuthorToUserConnectionEdge","ContentNodeToEditLastConnectionEdge","HierarchicalContentNodeToParentContentNodeConnectionEdge","NodeWithFeaturedImageToMediaItemConnectionEdge","NodeWithRevisionsToContentNodeConnectionEdge","PageToPreviewConnectionEdge","PostToParentConnectionEdge","PostFormatToTaxonomyConnectionEdge","PostToPreviewConnectionEdge","TagToTaxonomyConnectionEdge","CategoryToParentCategoryConnectionEdge","CategoryToTaxonomyConnectionEdge","MenuItemToMenuItemLinkableConnectionEdge","MenuItemToMenuConnectionEdge","CorePostTermsToTaxonomyConnectionEdge"],"ContentTypeConnectionEdge":["ContentNodeToContentTypeConnectionEdge","TaxonomyToContentTypeConnectionEdge","RootQueryToContentTypeConnectionEdge"],"TaxonomyConnection":["ContentTypeToTaxonomyConnection","RootQueryToTaxonomyConnection"],"TaxonomyConnectionEdge":["ContentTypeToTaxonomyConnectionEdge","PostFormatToTaxonomyConnectionEdge","TagToTaxonomyConnectionEdge","CategoryToTaxonomyConnectionEdge","RootQueryToTaxonomyConnectionEdge","CorePostTermsToTaxonomyConnectionEdge"],"ContentTypeConnection":["TaxonomyToContentTypeConnection","RootQueryToContentTypeConnection"],"ContentTypeConnectionPageInfo":["TaxonomyToContentTypeConnectionPageInfo","RootQueryToContentTypeConnectionPageInfo"],"TermNodeConnection":["TaxonomyToTermNodeConnection","PostToTermNodeConnection","RootQueryToTermNodeConnection","CorePostTermsToTermNodeConnection"],"TermNodeConnectionEdge":["TaxonomyToTermNodeConnectionEdge","PostToTermNodeConnectionEdge","RootQueryToTermNodeConnectionEdge","CorePostTermsToTermNodeConnectionEdge"],"TermNodeConnectionPageInfo":["TaxonomyToTermNodeConnectionPageInfo","PostToTermNodeConnectionPageInfo","RootQueryToTermNodeConnectionPageInfo","CorePostTermsToTermNodeConnectionPageInfo"],"TaxonomyConnectionPageInfo":["ContentTypeToTaxonomyConnectionPageInfo","RootQueryToTaxonomyConnectionPageInfo"],"ContentNodeConnectionPageInfo":["ContentTypeToContentNodeConnectionPageInfo","HierarchicalContentNodeToContentNodeAncestorsConnectionPageInfo","HierarchicalContentNodeToContentNodeChildrenConnectionPageInfo","PostFormatToContentNodeConnectionPageInfo","TagToContentNodeConnectionPageInfo","UserToRevisionsConnectionPageInfo","CategoryToContentNodeConnectionPageInfo","RootQueryToContentNodeConnectionPageInfo","RootQueryToRevisionsConnectionPageInfo"],"UserConnectionEdge":["ContentNodeToEditLockConnectionEdge","NodeWithAuthorToUserConnectionEdge","ContentNodeToEditLastConnectionEdge","RootQueryToUserConnectionEdge"],"Commenter":["User","CommentAuthor"],"CommentConnection":["UserToCommentConnection","CommentToCommentConnection","MediaItemToCommentConnection","PageToCommentConnection","PostToCommentConnection","RootQueryToCommentConnection"],"CommentConnectionEdge":["CommentToParentCommentConnectionEdge","CommentToCommentConnectionEdge","UserToCommentConnectionEdge","MediaItemToCommentConnectionEdge","PageToCommentConnectionEdge","PostToCommentConnectionEdge","RootQueryToCommentConnectionEdge"],"CommenterConnectionEdge":["CommentToCommenterConnectionEdge"],"CommentConnectionPageInfo":["CommentToCommentConnectionPageInfo","UserToCommentConnectionPageInfo","MediaItemToCommentConnectionPageInfo","PageToCommentConnectionPageInfo","PostToCommentConnectionPageInfo","RootQueryToCommentConnectionPageInfo"],"MediaItemConnection":["UserToMediaItemConnection","RootQueryToMediaItemConnection"],"MediaItemConnectionEdge":["UserToMediaItemConnectionEdge","NodeWithFeaturedImageToMediaItemConnectionEdge","RootQueryToMediaItemConnectionEdge"],"NodeWithTemplate":["MediaItem","Page","Post"],"ContentTemplate":["DefaultTemplate","Template_ElementorCanvas","Template_ElementorGesamteBreite","Template_Theme"],"NodeWithTitle":["MediaItem","Page","Post"],"NodeWithAuthor":["MediaItem","Page","Post"],"NodeWithComments":["MediaItem","Page","Post"],"HierarchicalContentNode":["MediaItem","Page"],"MediaItemConnectionPageInfo":["UserToMediaItemConnectionPageInfo","RootQueryToMediaItemConnectionPageInfo"],"PageConnection":["UserToPageConnection","PageToRevisionConnection","RootQueryToPageConnection"],"PageConnectionEdge":["PageToPreviewConnectionEdge","PageToRevisionConnectionEdge","UserToPageConnectionEdge","RootQueryToPageConnectionEdge"],"Previewable":["Page","Post"],"NodeWithContentEditor":["Page","Post"],"NodeWithFeaturedImage":["Page","Post"],"NodeWithRevisions":["Page","Post"],"NodeWithPageAttributes":["Page"],"PageEditorBlock":["CoreLegacyWidget","CoreWidgetGroup","CoreArchives","CoreAvatar","CoreBlock","CoreButton","CoreCalendar","CoreCategories","CoreCommentAuthorName","CoreCommentContent","CoreCommentDate","CoreCommentEditLink","CoreCommentReplyLink","CoreCommentTemplate","CoreComments","CoreCommentsPagination","CoreCommentsPaginationNext","CoreCommentsPaginationNumbers","CoreCommentsPaginationPrevious","CoreCommentsTitle","CoreCover","CoreFile","CoreFootnotes","CoreGallery","CoreHeading","CoreHomeLink","CoreImage","CoreLatestComments","CoreLatestPosts","CoreList","CoreLoginout","CoreMediaText","CoreNavigation","CoreNavigationLink","CoreNavigationSubmenu","CorePageList","CorePageListItem","CorePattern","CorePostAuthor","CorePostAuthorBiography","CorePostAuthorName","CorePostCommentsForm","CorePostContent","CorePostDate","CorePostExcerpt","CorePostFeaturedImage","CorePostNavigationLink","CorePostTemplate","CorePostTerms","CorePostTitle","CoreQuery","CoreQueryNoResults","CoreQueryPagination","CoreQueryPaginationNext","CoreQueryPaginationNumbers","CoreQueryPaginationPrevious","CoreQueryTitle","CoreQueryTotal","CoreReadMore","CoreRss","CoreSearch","CoreShortcode","CoreSiteLogo","CoreSiteTagline","CoreSiteTitle","CoreSocialLink","CoreTagCloud","CoreTemplatePart","CoreTermDescription","CoreAudio","CoreButtons","CoreCode","CoreColumn","CoreColumns","CoreDetails","CoreEmbed","CoreFreeform","CoreGroup","CoreHtml","CoreListItem","CoreMissing","CoreMore","CoreNextpage","CoreParagraph","CorePreformatted","CorePullquote","CoreQuote","CoreSeparator","CoreSocialLinks","CoreSpacer","CoreTable","CoreTextColumns","CoreVerse","CoreVideo","CorePostComments"],"PageConnectionPageInfo":["PageToRevisionConnectionPageInfo","UserToPageConnectionPageInfo","RootQueryToPageConnectionPageInfo"],"PostConnection":["UserToPostConnection","PostToPostConnection","PostFormatToPostConnection","PostToRevisionConnection","TagToPostConnection","CategoryToPostConnection","RootQueryToPostConnection"],"PostConnectionEdge":["PostToPostConnectionEdge","PostToParentConnectionEdge","PostFormatToPostConnectionEdge","PostToPreviewConnectionEdge","PostToRevisionConnectionEdge","TagToPostConnectionEdge","UserToPostConnectionEdge","CategoryToPostConnectionEdge","RootQueryToPostConnectionEdge"],"NodeWithExcerpt":["Post"],"NodeWithTrackbacks":["Post"],"PostEditorBlock":["CoreLegacyWidget","CoreWidgetGroup","CoreArchives","CoreAvatar","CoreBlock","CoreButton","CoreCalendar","CoreCategories","CoreCommentAuthorName","CoreCommentContent","CoreCommentDate","CoreCommentEditLink","CoreCommentReplyLink","CoreCommentTemplate","CoreComments","CoreCommentsPagination","CoreCommentsPaginationNext","CoreCommentsPaginationNumbers","CoreCommentsPaginationPrevious","CoreCommentsTitle","CoreCover","CoreFile","CoreFootnotes","CoreGallery","CoreHeading","CoreHomeLink","CoreImage","CoreLatestComments","CoreLatestPosts","CoreList","CoreLoginout","CoreMediaText","CoreNavigation","CoreNavigationLink","CoreNavigationSubmenu","CorePageList","CorePageListItem","CorePattern","CorePostAuthor","CorePostAuthorBiography","CorePostAuthorName","CorePostCommentsForm","CorePostContent","CorePostDate","CorePostExcerpt","CorePostFeaturedImage","CorePostNavigationLink","CorePostTemplate","CorePostTerms","CorePostTitle","CoreQuery","CoreQueryNoResults","CoreQueryPagination","CoreQueryPaginationNext","CoreQueryPaginationNumbers","CoreQueryPaginationPrevious","CoreQueryTitle","CoreQueryTotal","CoreReadMore","CoreRss","CoreSearch","CoreShortcode","CoreSiteLogo","CoreSiteTagline","CoreSiteTitle","CoreSocialLink","CoreTagCloud","CoreTemplatePart","CoreTermDescription","CoreAudio","CoreButtons","CoreCode","CoreColumn","CoreColumns","CoreDetails","CoreEmbed","CoreFreeform","CoreGroup","CoreHtml","CoreListItem","CoreMissing","CoreMore","CoreNextpage","CoreParagraph","CorePreformatted","CorePullquote","CoreQuote","CoreSeparator","CoreSocialLinks","CoreSpacer","CoreTable","CoreTextColumns","CoreVerse","CoreVideo","CorePostComments"],"PostConnectionPageInfo":["PostToPostConnectionPageInfo","PostFormatToPostConnectionPageInfo","PostToRevisionConnectionPageInfo","TagToPostConnectionPageInfo","UserToPostConnectionPageInfo","CategoryToPostConnectionPageInfo","RootQueryToPostConnectionPageInfo"],"PostFormatConnection":["PostToPostFormatConnection","RootQueryToPostFormatConnection"],"PostFormatConnectionEdge":["PostToPostFormatConnectionEdge","RootQueryToPostFormatConnectionEdge"],"PostFormatConnectionPageInfo":["PostToPostFormatConnectionPageInfo","RootQueryToPostFormatConnectionPageInfo"],"TagConnection":["PostToTagConnection","RootQueryToTagConnection"],"TagConnectionEdge":["PostToTagConnectionEdge","RootQueryToTagConnectionEdge"],"TagConnectionPageInfo":["PostToTagConnectionPageInfo","RootQueryToTagConnectionPageInfo"],"UserRoleConnection":["UserToUserRoleConnection","RootQueryToUserRoleConnection"],"UserRoleConnectionEdge":["UserToUserRoleConnectionEdge","RootQueryToUserRoleConnectionEdge"],"UserRoleConnectionPageInfo":["UserToUserRoleConnectionPageInfo","RootQueryToUserRoleConnectionPageInfo"],"MenuItemConnection":["MenuToMenuItemConnection","MenuItemToMenuItemConnection","RootQueryToMenuItemConnection"],"MenuItemConnectionEdge":["MenuItemToMenuItemConnectionEdge","MenuToMenuItemConnectionEdge","RootQueryToMenuItemConnectionEdge"],"MenuItemConnectionPageInfo":["MenuItemToMenuItemConnectionPageInfo","MenuToMenuItemConnectionPageInfo","RootQueryToMenuItemConnectionPageInfo"],"MenuItemLinkableConnectionEdge":["MenuItemToMenuItemLinkableConnectionEdge"],"MenuItemObjectUnion":["Post","Page","Category","Tag"],"MenuConnectionEdge":["MenuItemToMenuConnectionEdge","RootQueryToMenuConnectionEdge"],"MenuConnection":["RootQueryToMenuConnection"],"MenuConnectionPageInfo":["RootQueryToMenuConnectionPageInfo"],"PluginConnection":["RootQueryToPluginConnection"],"PluginConnectionEdge":["RootQueryToPluginConnectionEdge"],"PluginConnectionPageInfo":["RootQueryToPluginConnectionPageInfo"],"ThemeConnection":["RootQueryToThemeConnection"],"ThemeConnectionEdge":["RootQueryToThemeConnectionEdge"],"ThemeConnectionPageInfo":["RootQueryToThemeConnectionPageInfo"],"UserConnection":["RootQueryToUserConnection"],"UserConnectionPageInfo":["RootQueryToUserConnectionPageInfo"],"NodeWithEditorBlocks":["Page","Post"],"EditorBlock":["CoreLegacyWidget","CoreWidgetGroup","CoreArchives","CoreAvatar","CoreBlock","CoreButton","CoreCalendar","CoreCategories","CoreCommentAuthorName","CoreCommentContent","CoreCommentDate","CoreCommentEditLink","CoreCommentReplyLink","CoreCommentTemplate","CoreComments","CoreCommentsPagination","CoreCommentsPaginationNext","CoreCommentsPaginationNumbers","CoreCommentsPaginationPrevious","CoreCommentsTitle","CoreCover","CoreFile","CoreFootnotes","CoreGallery","CoreHeading","CoreHomeLink","CoreImage","CoreLatestComments","CoreLatestPosts","CoreList","CoreLoginout","CoreMediaText","CoreNavigation","CoreNavigationLink","CoreNavigationSubmenu","CorePageList","CorePageListItem","CorePattern","CorePostAuthor","CorePostAuthorBiography","CorePostAuthorName","CorePostCommentsForm","CorePostContent","CorePostDate","CorePostExcerpt","CorePostFeaturedImage","CorePostNavigationLink","CorePostTemplate","CorePostTerms","CorePostTitle","CoreQuery","CoreQueryNoResults","CoreQueryPagination","CoreQueryPaginationNext","CoreQueryPaginationNumbers","CoreQueryPaginationPrevious","CoreQueryTitle","CoreQueryTotal","CoreReadMore","CoreRss","CoreSearch","CoreShortcode","CoreSiteLogo","CoreSiteTagline","CoreSiteTitle","CoreSocialLink","CoreTagCloud","CoreTemplatePart","CoreTermDescription","CoreAudio","CoreButtons","CoreCode","CoreColumn","CoreColumns","CoreDetails","CoreEmbed","CoreFreeform","CoreGroup","CoreHtml","CoreListItem","CoreMissing","CoreMore","CoreNextpage","CoreParagraph","CorePreformatted","CorePullquote","CoreQuote","CoreSeparator","CoreSocialLinks","CoreSpacer","CoreTable","CoreTextColumns","CoreVerse","CoreVideo","CorePostComments"],"NodeWithPostEditorBlocks":["Post"],"NodeWithPageEditorBlocks":["Page"],"BlockWithSupportsAnchor":["CoreButton","CoreButtonAttributes","CoreCover","CoreCoverAttributes","CoreFile","CoreFileAttributes","CoreGallery","CoreGalleryAttributes","CoreHeading","CoreHeadingAttributes","CoreImage","CoreImageAttributes","CoreList","CoreListAttributes","CoreMediaText","CoreMediaTextAttributes","CoreAudio","CoreAudioAttributes","CoreButtons","CoreButtonsAttributes","CoreCode","CoreCodeAttributes","CoreColumn","CoreColumnAttributes","CoreColumns","CoreColumnsAttributes","CoreDetails","CoreDetailsAttributes","CoreGroup","CoreGroupAttributes","CoreListItem","CoreListItemAttributes","CoreParagraph","CoreParagraphAttributes","CorePreformatted","CorePreformattedAttributes","CorePullquote","CorePullquoteAttributes","CoreQuote","CoreQuoteAttributes","CoreSeparator","CoreSeparatorAttributes","CoreSocialLinks","CoreSocialLinksAttributes","CoreSpacer","CoreSpacerAttributes","CoreTable","CoreTableAttributes","CoreVerse","CoreVerseAttributes","CoreVideo","CoreVideoAttributes"]}